{"quant1": [{"region1": [4.5130719e-09, -1.535331825e-06, 0.000200106963298, -0.012304780268745, 0.339261984551227, -1.5817136980648, -0.0272315919386301], "region2": [4.1699346e-09, -1.3628393665e-06, 0.0001692462921065, -0.0097807478061123, 0.24426242504218, -0.276158610995669, -0.266947758124843], "region3": [6.6879085e-09, -2.1788084465e-06, 0.0002714710910004, -0.0159325020567609, 0.41706836475598, -1.84574862882009, -0.316104483751815], "region4": [6.255719e-09, -2.0454656863e-06, 0.0002546705945198, -0.0148328769882022, 0.381097100758547, -1.45814513917258, -0.259728506787724], "region5": [4.6511438e-09, -1.5499905732e-06, 0.000197257195827, -0.0117770357705969, 0.309914091480267, -0.989631358835589, -0.0915261209378286], "region6": [5.9419935e-09, -2.0295531674e-06, 0.0002653598856208, -0.0163325444775745, 0.449105928401465, -2.40759214314875, -0.157918552037245], "region7": [4.7361111e-09, -1.5655448718e-06, 0.0001985742521367, -0.0118886145104856, 0.315197661227539, -1.0095425407911, -0.27447552447677], "region8": [9.1691176e-09, -2.9246134992e-06, 0.0003555685331824, -0.0203393523755591, 0.525637531194091, -2.95867650486522, -0.569004524887532], "region9": [2.7589869e-09, -9.358691554e-07, 0.0001216027840623, -0.0074514161696124, 0.201284385940784, -0.217025195391979, -0.177025915261197], "region10": [5.3186275e-09, -1.7786010558e-06, 0.0002265695701356, -0.0135259778211923, 0.359920255724491, -1.62624516659616, -0.120238584945128], "region11": [6.4566993e-09, -2.1237085219e-06, 0.0002673640334338, -0.0158254040689643, 0.41402171580036, -1.7026237830776, -0.304463183876351], "region12": [4.8071895e-09, -1.5790158371e-06, 0.0001972892785319, -0.0114749528657577, 0.2894188455824, -0.647484608527289, -0.25637597696516], "region13": [3.3374183e-09, -1.1119626697e-06, 0.0001434689228255, -0.0088514264534448, 0.244039416792248, -0.535050973535041, -0.0914644179357538], "region14": [6.2949346e-09, -2.082550905e-06, 0.0002619241767219, -0.0153575179110069, 0.395899610356838, -1.6268194501561, -0.476737967915369], "region15": [4.5138889e-09, -1.5011217949e-06, 0.0001909001068375, -0.0114348412004606, 0.306086878399217, -1.1848088578071, -0.0734265734278097], "region16": [5.5931373e-09, -1.8798642534e-06, 0.0002428895173453, -0.0148613722062184, 0.408958860208224, -2.11348166049422, -0.130913204443573], "region17": [3.9738562e-09, -1.368438914e-06, 0.0001808629964805, -0.01129489750445, 0.314475401526401, -1.25602248731473, 0.0460715754826424], "region18": [6.0547386e-09, -2.0162613122e-06, 0.0002573457453493, -0.0155099157582529, 0.419394368001043, -2.10803770738812, 0.0636774989702644], "region19": [8.0694444e-09, -2.6299679487e-06, 0.0003273402777777, -0.0191656395687573, 0.503805207847489, -2.75584615384364, -0.354545454548315], "region20": [5.630719e-09, -1.7882541478e-06, 0.0002156241201608, -0.0121305969765496, 0.300299956236464, -0.82211658439463, -0.427910324969503], "region21": [2.7630719e-09, -9.923831071e-07, 0.0001355364504776, -0.00857436068833, 0.229597374994237, -0.140478849581095, -0.33807075277673], "region22": [5.2990196e-09, -1.7865007541e-06, 0.0002319091251884, -0.0142910102152692, 0.396797191484817, -2.01490480597643, -0.202817770466481], "region23": [5.995098e-09, -2.0161576169e-06, 0.00025931806184, -0.0156736262511921, 0.421301825723078, -2.04649430960958, -0.0277252159628461], "region24": [4.1045752e-09, -1.3990007541e-06, 0.0001833589115133, -0.0113969397024499, 0.319035485968147, -1.43641762648965, -0.144076511724393], "region25": [7.1053922e-09, -2.3859445701e-06, 0.0003066392345399, -0.0185442791889409, 0.501192850678513, -2.77140556012366, -0.231530234473666], "region26": [7.5972222e-09, -2.4966346154e-06, 0.0003114834401708, -0.0181112398018568, 0.466097711732477, -2.28585722610461, -0.217132867134296]}], "quant2": [{"region1": [-4.1707516e-09, 1.2866421569e-06, -0.0001441580253896, 0.0067155727238405, -0.0954586766989965, 0.589651789385776, 0.0414644179361403], "region2": [-3.6511438e-09, 1.132362368e-06, -0.0001265937342885, 0.0057746319244437, -0.0743275005712031, 0.555719354173971, -0.050781571368816], "region3": [-4.9705882e-09, 1.5632918552e-06, -0.000179507730015, 0.0087306415398263, -0.143797382078529, 0.957714692168734, -0.0815508021380538], "region4": [-5.7589869e-09, 1.7903563348e-06, -0.0002030963738058, 0.0097765618572532, -0.161967964029235, 1.08126645413202, -0.0600370218007811], "region5": [-3.9272876e-09, 1.210397813e-06, -0.0001352852249874, 0.0062646557486586, -0.087570234242756, 0.627844885505328, -0.007507198683129], "region6": [-5.4517974e-09, 1.7558917798e-06, -0.0002076949157867, 0.0105569848656165, -0.193099252479327, 1.36540014397141, -0.162916495267837], "region7": [-5.9746732e-09, 1.8316647813e-06, -0.0002058997297636, 0.0099537463149518, -0.173104887448939, 1.25309666803563, -0.125750719866573], "region8": [-5.5065359e-09, 1.7660633484e-06, -0.0002084477124182, 0.0106252193884469, -0.197588439827933, 1.41398855066281, -0.127642945289722], "region9": [-4.6756536e-09, 1.4820230015e-06, -0.0001732630404725, 0.008772132952825, -0.161457235591029, 1.24214232825814, -0.135211846975949], "region10": [-3.9223856e-09, 1.2320041478e-06, -0.0001411193124685, 0.00679345391128, -0.106148988870472, 0.822326957354963, -0.0318798848203414], "region11": [-3.379085e-09, 1.0954562594e-06, -0.0001295923202613, 0.006450909262301, -0.10552421282951, 0.883145379129204, -0.176367749896031], "region12": [-4.5767974e-09, 1.4534879336e-06, -0.0001696644670688, 0.0085139560194634, -0.152775033365129, 1.22387042369194, -0.235993418344947], "region13": [-3.8504902e-09, 1.189602187e-06, -0.0001332938348415, 0.0062017195427069, -0.0886199561221637, 0.683755347592093, -0.102982311805249], "region14": [-4.8349673e-09, 1.5331825038e-06, -0.0001786792357968, 0.0089613310708833, -0.160897054595551, 1.18840302344527, -0.13453311394403], "region15": [-3.3104575e-09, 1.0088423831e-06, -0.0001116221091, 0.0050983434457662, -0.0664586540745801, 0.503471308102569, -0.0133895516243001], "region16": [-3.6732026e-09, 1.1583710407e-06, -0.0001333130970336, 0.0064474804607108, -0.100600654280225, 0.793356849031917, -0.0626079802540289], "region17": [-3.3227124e-09, 1.041525264e-06, -0.0001178301596279, 0.0054226985636872, -0.067610762260504, 0.439438914025983, -0.0669683257910947], "region18": [-6.5661765e-09, 2.0443721719e-06, -0.00023282796003, 0.0113606930446916, -0.199814047373953, 1.42682448923376, -0.135828877004769], "region19": [-3.8276144e-09, 1.2128676471e-06, -0.0001403165849672, 0.0068294190490833, -0.107645306001053, 0.775195769914937, -0.0258124228703309], "region20": [-3.9256536e-09, 1.2284973605e-06, -0.0001407341943187, 0.006838231437675, -0.110265871954704, 0.785046757162959, -0.0687782805424604], "region21": [-5.8684641e-09, 1.7959558824e-06, -0.0002003070952739, 0.009449074026458, -0.149896804926935, 0.891874502946256, 0.10421637186414], "region22": [-4.0816993e-09, 1.2498303167e-06, -0.0001386829436902, 0.0063578851295721, -0.0859300083412126, 0.529264808719413, 0.0394282188404986], "region23": [-3.2050654e-09, 1.0187311463e-06, -0.0001180245412267, 0.0057097315062352, -0.085140587778132, 0.617694535855206, 0.0169683257923907], "region24": [-4.9665033e-09, 1.5151112368e-06, -0.0001693240635997, 0.0080855233614371, -0.133172330088061, 0.937583881802858, 0.0301316330740065], "region25": [-5.7026144e-09, 1.7707202112e-06, -0.0002001322900954, 0.0095512212052586, -0.154552328145524, 1.02892304264166, -0.0474907445486679], "region26": [-6.2696078e-09, 2.0119720965e-06, -0.0002384104449471, 0.0122915526874993, -0.236304445358309, 1.62541320444, -0.194117647057283]}], "quant3": [{"region1": [4.0514706e-09, -1.1764988688e-06, 0.0001213879147812, -0.0053870933600664, 0.111445066501991, -0.528988653501977, 0.132023858494108], "region2": [3.6650327e-09, -1.0924585219e-06, 0.0001176092257415, -0.0055940302344674, 0.12501007827129, -0.574531708486405, 0.0270053475928762],